URL,Price,Pieces,Shipping,Guaranteed Delivery
https://www.alibaba.com/product-detail/Custom-Soft-High-Waist-Sherpa-Warm_1600955583980.html,$6.00,piece for 100 pieces,Shipping included,Delivery by Jan 10
https://www.alibaba.com/product-detail/Africa-Mali-Tactical-Level-3D-PVC_1601093762841.html,$0.90,piece for 100 pieces,Shipping included,Delivery by Jan 9
https://www.alibaba.com/product-detail/Series-40L-large-wool-winter-coat_62593409093.html,$0.30,piece for 200 pieces,Shipping included,Delivery by Jan 10
https://www.alibaba.com/product-detail/Quick-Dry-Sunshade-Solid-Color-Customized_1601061047807.html,$3.50,piece for 500 pieces,Shipping included,Delivery by Jan 13
https://www.alibaba.com/product-detail/Wholesale-Low-price-100-Polyester-white_1600789585668.html,$5.50,piece for 40 pieces,Shipping included,Delivery by Jan 13
https://www.alibaba.com/product-detail/Alloy-Magnetic-Metal-Buckle-Free-Custom_1600999623670.html,$5.20,piece for 2 pieces,Shipping included,Delivery by Jan 9
https://www.alibaba.com/product-detail/Wholesale-Ready-Neckties-Fashion-Casual-100_62466437325.html,$5.80,piece for 100 pieces,Shipping included,Delivery by Jan 10
https://www.alibaba.com/product-detail/lovely-pink-applique-custom-hats-cap_1601242310196.html,$0.33,piece for 20 pieces,Shipping included,Delivery by Jan 9
https://www.alibaba.com/product-detail/Fashion-Pair-Fashion-Women-High-Quality_1600517376847.html,$0.80,piece for 100 pieces,Shipping included,Delivery by Jan 9
https://www.alibaba.com/product-detail/Professional-Custom-Sublimation-Soccer-Jersey-Men_1601246037050.html,$10.00,set for 100 sets,Shipping included,Delivery by Jan 9
https://www.alibaba.com/product-detail/6-Panel-Mesh-Trucker-Hat-with_1601019257777.html,$2.56,piece for 200 pieces,Shipping included,Delivery by Jan 15
https://www.alibaba.com/product-detail/High-quality-embroidery-paper-backing-1050HA_1601060699052.html,$25.00,meter for 100 meters,Shipping included,Delivery by Jan 13
https://www.alibaba.com/product-detail/Stock-Wholesale-Back-to-Back-Hook_62393640609.html,$0.03,piece for 10000 pieces,Shipping included,Delivery by Jan 9
https://www.alibaba.com/product-detail/New-arrivals-girls-seamless-push-up_1601044263962.html,$6.90,piece for 30 pieces,Shipping included,Delivery by Jan 9
https://www.alibaba.com/product-detail/2024-Wholesale-Men-New-Fashion-Style_1601290832594.html,$17.00,set for 25 sets,Shipping included,Delivery by Jan 10
https://www.alibaba.com/product-detail/Compression-T-Shirt-EU-Size-95_1601036312036.html,$2.68,piece for 50 pieces,Shipping included,Delivery by Jan 9
https://www.alibaba.com/product-detail/polo-collar-Tank-Top-for-women_1601275418035.html,$3.39,piece for 30 pieces,Shipping included,Delivery by Jan 10
https://www.alibaba.com/product-detail/Jingwen-spring-and-autumn-simple-mid_1601077122286.html,$0.63,pair for 200 pairs,Shipping included,Delivery by Jan 13
https://www.alibaba.com/product-detail/wholesale-blouse-fashion-custom-spring-new_1600072124453.html,$3.90,piece for 25 pieces,Shipping included,Delivery by Jan 10
https://www.alibaba.com/product-detail/Wholesale-Ready-Neckties-Fashion-Casual-100_62466437325.html,$5.80,piece for 100 pieces,Shipping included,Delivery by Jan 10
https://www.alibaba.com/product-detail/2022-New-Arrival-Women-Plus-Size_1600484091307.html,$16.20,piece for 35 pieces,Shipping included,Delivery by Jan 10
https://www.alibaba.com/product-detail/Cheap-hot-sale-factory-price-t_1601090317219.html,$2.43,piece for 50 pieces,Shipping included,Delivery by Jan 15
https://www.alibaba.com/product-detail/Custom-Seamless-Athletic-Fitness-Workout-Wear_1600610176063.html,$8.20,piece for 1 piece,Shipping included,Delivery by Jan 9
https://www.alibaba.com/product-detail/High-Quality-Custom-5-Panel-Rubber_1601046142458.html,$3.69,piece for 300 pieces,Shipping included,Delivery by Jan 13
https://www.alibaba.com/product-detail/Women-s-casual-trousers-overalls-with_10000020485065.html,$2.71,piece for 35 pieces,Shipping included,Delivery by Jan 13
https://www.alibaba.com/product-detail/SC-Factory-Wholesale-Double-Heart-Shape_1601265334615.html,$0.46,piece for 20 pieces,Shipping included,Delivery by Jan 9
https://www.alibaba.com/product-detail/2024-New-Fashion-Style-Breathable-Comfortable_1601208726894.html,$4.60,piece for 500 pieces,Shipping included,Delivery by Jan 9
https://www.alibaba.com/product-detail/MH-1125-2024-Latest-Style-Fashion_1600637958811.html,$3.00,piece for 36 pieces,Shipping included,Delivery by Jan 13
https://www.alibaba.com/product-detail/High-Quality-new-Taekwondo-Dobok-WTF_1601273543883.html,$23.55,piece for 2 pieces,Shipping included,Delivery by Jan 13
https://www.alibaba.com/product-detail/High-Quality-Wholesale-Mens-Sweater-Vest_1600977307787.html,$7.90,piece for 1000 pieces,Shipping included,Delivery by Jan 13
https://www.alibaba.com/product-detail/Jingwen-OEM-Calcetines-De-Bebe-Kids_1601085504261.html,$0.42,pair for 500 pairs,Shipping included,Delivery by Jan 13
https://www.alibaba.com/product-detail/Summer-elderly-men-Tang-suit-set_1601061918951.html,$5.90,piece for 60 pieces,Shipping included,Delivery by Jan 13
https://www.alibaba.com/product-detail/Cheap-Private-Customized-Printing-Adhesive-Paper_1601260327232.html,$0.08,piece for 500 pieces,Shipping included,Delivery by Jan 9
https://www.alibaba.com/product-detail/Stretchy-Slouch-Knit-Cap-100-Cotton_1600987969668.html,$0.78,piece for 1440 pieces,Shipping included,Delivery by Jan 13
https://www.alibaba.com/product-detail/Programmable-Rechargeable-Wireless-Bluetooth-led-name_1600724852001.html,$4.99,piece for 100 pieces,Shipping included,Delivery by Jan 10
https://www.alibaba.com/product-detail/OEM-custom-logo-multiple-pockets-workwear_1600797776904.html,$2.79,piece for 100 pieces,Shipping included,Delivery by Jan 9
https://www.alibaba.com/product-detail/70D-2-75D-2-L-White_1601122493276.html,$20.00,box for 1 box,Shipping included,Delivery by Jan 15
https://www.alibaba.com/product-detail/Wholesale-high-quality-autumn-winter-camouflage_1600564161707.html,$12.50,piece for 50 pieces,Shipping included,Delivery by Jan 13
https://www.alibaba.com/product-detail/Wholesale-OEM-Custom-One-piece-MOQ_1601175641042.html,$5.80,piece for 50 pieces,Shipping included,Delivery by Jan 9
https://www.alibaba.com/product-detail/Nolvo-World-Custom-Metal-Replacement-Cat_10000017401351.html,$0.49,piece for 100 pieces,Shipping included,Delivery by Jan 13
https://www.alibaba.com/product-detail/Top-quality-52-Cotton-48-Spandex_1600860655398.html,$9.80,piece for 200 pieces,Shipping included,Delivery by Jan 13
https://www.alibaba.com/product-detail/Embroidery-3D-foam-11-x-11_60386018858.html,$0.40,piece for 500 pieces,Shipping included,Delivery by Jan 7
https://www.alibaba.com/product-detail/Whosale-2024-latest-african-head-wraps_1601126637153.html,$16.00,piece for 12 pieces,Shipping included,Delivery by Jan 9
https://www.alibaba.com/product-detail/Wholesale-custom-high-quality-autumn-thin_1600591653841.html,$12.78,piece for 20 pieces,Shipping included,Delivery by Jan 10
https://www.alibaba.com/product-detail/wholesale-custom-zippers-nylon-zipper-Airtight_1600590961707.html,$24.00,roll for 10 rolls,Shipping included,Delivery by Jan 13
https://www.alibaba.com/product-detail/Work-shirts-solid-color-business-men_1600514467528.html,$6.50,piece for 50 pieces,Shipping included,Delivery by Jan 13
https://www.alibaba.com/product-detail/New-2024-OEM-Red-Soccer-Jersey_1601209718817.html,$6.20,set for 100 sets,Shipping included,Delivery by Jan 9
https://www.alibaba.com/product-detail/Sun-Hats-UV-Protection-Outdoor-Hunting_1601038131275.html,$1.25,piece for 180 pieces,Shipping included,Delivery by Jan 13
https://www.alibaba.com/product-detail/Fleece-Oversized-Loose-Drop-Shoulder-Hoodies_1600982054221.html,$14.99,piece for 100 pieces,Shipping included,Delivery by Jan 13
https://www.alibaba.com/product-detail/Golf-Clothing-Embroidered-Printed-Custom-Design_1601080726414.html,$2.68,piece for 50 pieces,Shipping included,Delivery by Jan 13
https://www.alibaba.com/product-detail/2025-Factory-hot-sale-safety-reflective_1600116861259.html,$5.19,piece for 20 pieces,Shipping included,Delivery by Jan 9
https://www.alibaba.com/product-detail/DIY-Stick-On-Self-Adhesive-Gameday_1601221130459.html,$0.60,piece for 10 pieces,Shipping included,Delivery by Jan 9
https://www.alibaba.com/product-detail/DIY-hot-fix-transfer-hot-fix_370882426.html,$6.50,set for 100 sets,Shipping included,Delivery by Jan 13
https://www.alibaba.com/product-detail/2024-New-football-club-kit-New_1601232636726.html,$6.00,piece for 50 pieces,Shipping included,Delivery by Jan 13
https://www.alibaba.com/product-detail/New-Arriving-Knitted-Baby-Hats-5_1601264935494.html,$2.60,piece for 200 pieces,Shipping included,Delivery by Jan 9
https://www.alibaba.com/product-detail/Umorden-Infant-Toddler-Rabbit-Dog-Lion_1600671080841.html,$5.60,piece for 200 pieces,Shipping included,Delivery by Jan 13
https://www.alibaba.com/product-detail/Newest-Luxury-Shining-mirror-gems-stone_1601277092286.html,$52.00,piece for 2 pieces,Shipping included,Delivery by Jan 14
https://www.alibaba.com/product-detail/Keymay-Stock-Multi-Colors-5-5_1601016017299.html,$10.80,piece for 2 pieces,Shipping included,Delivery by Jan 7
https://www.alibaba.com/product-detail/2023-Spring-and-autumn-new-designed_1600967831459.html,$10.20,piece for 10 pieces,Shipping included,Delivery by Jan 9
https://www.alibaba.com/product-detail/Pointe-Shoes-Satin-Canvas-Ribbon-Professional_62409593401.html,$0.81,piece for 30 pieces,Shipping included,Delivery by Jan 9
https://www.alibaba.com/product-detail/Custom-Logo-Women-s-Half-zip_1600996954005.html,$14.00,piece for 50 pieces,Shipping included,Delivery by Jan 14
https://www.alibaba.com/product-detail/SS6-SS20-Bulk-High-Quality-Rainbow_1601224579311.html,$3.97,bag for 2 bags,Shipping included,Delivery by Jan 10
https://www.alibaba.com/product-detail/Jingwen-high-quality-wholesale-thickened-velvet_1601252810054.html,$1.80,pair for 800 pairs,Shipping included,Delivery by Jan 15
https://www.alibaba.com/product-detail/Manufacturer-Printed-Custom-Logo-Seat-Belt_1601226369683.html,$0.38,meter for 3000 meters,Shipping included,Delivery by Jan 14
https://www.alibaba.com/product-detail/2024Men-s-Customizable-100-Polyester-Reversible_1601159147160.html,$9.00,set for 10 sets,Shipping included,Delivery by Jan 10
https://www.alibaba.com/product-detail/lovely-pink-applique-custom-hats-cap_1601242310196.html,$0.33,piece for 20 pieces,Shipping included,Delivery by Jan 9
https://www.alibaba.com/product-detail/3-2Mm-Men-S-Anti-UV_1600792162478.html,$38.60,piece for 10 pieces,Shipping included,Delivery by Jan 13
https://www.alibaba.com/product-detail/Popular-new-trendy-2023-hot-selling_1600831800239.html,$19.95,piece for 30 pieces,Shipping included,Delivery by Jan 14
https://www.alibaba.com/product-detail/Factory-Direct-2024-New-Design-Wholesale_1601204724373.html,$6.81,piece for 10 pieces,Shipping included,Delivery by Jan 13
https://www.alibaba.com/product-detail/Girls-Ballet-Princess-Leather-Performance-Dress_1601041303670.html,$11.90,pair for 500 pairs,Shipping included,Delivery by Jan 9
https://www.alibaba.com/product-detail/Cheap-Private-Customized-Printing-Adhesive-Paper_1601260327232.html,$0.08,piece for 500 pieces,Shipping included,Delivery by Jan 9
https://www.alibaba.com/product-detail/Wholesale-Custom-Vintage-Dad-Hat-Applique_1600399703227.html,$2.95,piece for 25 pieces,Shipping included,Delivery by Jan 13
https://www.alibaba.com/product-detail/Customization-Football-Team-LOGO-Rhinestone-Heat_1600947035530.html,$2.38,piece for 50 pieces,Shipping included,Delivery by Jan 13
https://www.alibaba.com/product-detail/wholesale-custom-zippers-nylon-zipper-Airtight_1600590961707.html,$24.00,roll for 10 rolls,Shipping included,Delivery by Jan 13
https://www.alibaba.com/product-detail/High-Quality-Custom-5-Panel-Rubber_1601046142458.html,$3.69,piece for 300 pieces,Shipping included,Delivery by Jan 13
https://www.alibaba.com/product-detail/Embroidery-3D-foam-11-x-11_60386018858.html,$0.40,piece for 500 pieces,Shipping included,Delivery by Jan 13
https://www.alibaba.com/product-detail/240GSM-Heavyweight-Tee-Custom-Logo-T_1601235003436.html,$8.38,piece for 30 pieces,Shipping included,Delivery by Jan 9
https://www.alibaba.com/product-detail/New-Custom-Jacket-color-Drawstring-Elastic_62217439901.html,$0.09,piece for 900 pieces,Shipping included,Delivery by Jan 13
https://www.alibaba.com/product-detail/European-Style-Fashion-Butt-Lifting-Yoga_62240700750.html,$3.40,piece for 10 pieces,Shipping included,Delivery by Jan 13
https://www.alibaba.com/product-detail/New-Design-Faux-Fur-Leg-Warmer_1600573180140.html,$3.21,pair for 50 pairs,Shipping included,Delivery by Jan 13
https://www.alibaba.com/product-detail/Wholesale-hight-quality-Roll-Pvc-Airtight_1600304380653.html,$0.30,piece for 1000 pieces,Shipping included,Delivery by Jan 13
https://www.alibaba.com/product-detail/Hot-Sell-Customized-Adult-Fashion-Printing_1601202220467.html,$1.30,piece for 500 pieces,Shipping included,Delivery by Jan 9
https://www.alibaba.com/product-detail/70D-2-75D-2-L-White_1601122493276.html,$20.00,box for 1 box,Shipping included,Delivery by Jan 14
https://www.alibaba.com/product-detail/2024-Men-Summer-Hot-Sale-Casual_1601220853746.html,$14.50,piece for 20 pieces,Shipping included,Delivery by Jan 10
https://www.alibaba.com/product-detail/Fashion-Suit-for-Boys-Green-Formal_1601061104107.html,$35.10,set for 20 sets,Shipping included,Delivery by Jan 9
https://www.alibaba.com/product-detail/Jingwen-sun-protection-cycling-ice-silk_1601050089217.html,$0.90,pair for 240 pairs,Shipping included,Delivery by Jan 9
https://www.alibaba.com/product-detail/Outdoor-Windproof-Riding-Full-Finger-Man_1600431848406.html,$1.85,pair for 50 pairs,Shipping included,Delivery by Jan 10
https://www.alibaba.com/product-detail/SINRONG-Multi-colored-woven-striped-S_1601296755836.html,$0.72,yard for 30 yards,Shipping included,Delivery by Jan 9
https://www.alibaba.com/product-detail/90-90CM-Custom-Logo-silk-big_1600462935589.html,$1.20,piece for 100 pieces,Shipping included,Delivery by Jan 9
https://www.alibaba.com/product-detail/2-in-1-Flowy-Running-Yoga_1600562470802.html,$5.17,piece for 30 pieces,Shipping included,Delivery by Jan 13
https://www.alibaba.com/product-detail/Custom-Fashion-Outdoor-Dress-Plain-Fedora_1600115002803.html,$2.20,piece for 100 pieces,Shipping included,Delivery by Jan 13
https://www.alibaba.com/product-detail/wholesale-New-basketball-Team-Flat-Brim_1601296475108.html,$4.93,piece for 200 pieces,Shipping included,Delivery by Jan 13
https://www.alibaba.com/product-detail/Fashion-Pair-Fashion-Women-High-Quality_1600517376847.html,$0.80,piece for 100 pieces,Shipping included,Delivery by Jan 9
https://www.alibaba.com/product-detail/Wholesale-26-colors-in-stock-Soft_1601185222288.html,$2.78,piece for 100 pieces,Shipping included,Delivery by Jan 14
https://www.alibaba.com/product-detail/tackle-twill-cut-and-stitch-sewn_1600673089954.html,$18.80,piece for 31 pieces,Shipping included,Delivery by Jan 15
https://www.alibaba.com/product-detail/Muslim-Sets-Open-Front-Abaya-Sleeveless_1601221167219.html,$8.99,piece for 50 pieces,Shipping included,Delivery by Jan 9
https://www.alibaba.com/product-detail/MH-1189-factory-cheap-price-Muslim_1600731320782.html,$2.90,piece for 36 pieces,Shipping included,Delivery by Jan 9
https://www.alibaba.com/product-detail/New-Arrival-3d-Rhinestone-Flower-Applique_1601110465254.html,$8.50,piece for 6 pieces,Shipping included,Delivery by Jan 13
https://www.alibaba.com/product-detail/Hight-Quality-Wholesale-Customized-Logo-Polyester_1601010258031.html,$5.88,piece for 100 pieces,Shipping included,Delivery by Jan 9
https://www.alibaba.com/product-detail/Women-s-Summer-High-Waist-Straight_1601252314039.html,$1.50,piece for 300 pieces,Shipping included,Delivery by Jan 13
https://www.alibaba.com/product-detail/Wholesale-High-Quality-Solid-Color-Stand_1600517586124.html,$16.20,piece for 20 pieces,Shipping included,Delivery by Jan 13
https://www.alibaba.com/product-detail/Jingwen-Knee-High-Novelty-Funny-Chicken_1600699153706.html,$0.67,pair for 100 pairs,Shipping included,Delivery by Jan 14
https://www.alibaba.com/product-detail/2024-Mexican-Fuerza-Regida-Pero-No_1601212130814.html,$6.80,piece for 500 pieces,Shipping included,Delivery by Jan 13
https://www.alibaba.com/product-detail/Chic-Plus-Size-Knot-Front-Tunic_11000014796290.html,$5.00,piece for 50 pieces,Shipping included,Delivery by Jan 9
https://www.alibaba.com/product-detail/2394-Blue-African-Brocade-Lace-With_1600231460624.html,$8.10,yard for 25 yards,Shipping included,Delivery by Jan 9
https://www.alibaba.com/product-detail/African-Water-Soluble-Lace-Fabric-High_1601241485797.html,$10.62,yard for 25 yards,Shipping included,Delivery by Jan 15
https://www.alibaba.com/product-detail/Deep-V-neck-White-Fashion-Solid_11000009077830.html,$13.70,piece for 31 pieces,Shipping included,Delivery by Jan 14
https://www.alibaba.com/product-detail/Custom-Logo-Jacquard-Waistband-Sport-Underpants_1601110259496.html,$4.20,piece for 300 pieces,Shipping included,Delivery by Jan 9
https://www.alibaba.com/product-detail/Free-Wind-Anti-Slip-Grip-Socks_1601096620446.html,$0.90,pair for 300 pairs,Shipping included,Delivery by Jan 9
https://www.alibaba.com/product-detail/New-Style-Fashion-Feature-V-neck_1601279674862.html,$7.00,piece for 2 pieces,Shipping included,Delivery by Jan 15
https://www.alibaba.com/product-detail/Series-40L-large-wool-winter-coat_62593409093.html,$0.30,piece for 200 pieces,Shipping included,Delivery by Jan 10
https://www.alibaba.com/product-detail/Wholesale-Satin-Bow-Ties-For-Men_60655977191.html,$0.31,piece for 100 pieces,Shipping included,Delivery by Jan 10
https://www.alibaba.com/product-detail/Fashion-high-quality-women-seamless-sports_1600706614426.html,$5.80,piece for 30 pieces,Shipping included,Delivery by Jan 9
https://www.alibaba.com/product-detail/Streetwear-3d-embossed-oversized-heavyweight-cotton_1600255550836.html,$11.31,piece for 300 pieces,Shipping included,Delivery by Jan 15
https://www.alibaba.com/product-detail/2024-New-scarves-for-ladies-plaid_1601252773731.html,$4.50,piece for 100 pieces,Shipping included,Delivery by Jan 10
https://www.alibaba.com/product-detail/New-Design-Faux-Fur-Leg-Warmer_1600573180140.html,$3.21,pair for 50 pairs,Shipping included,Delivery by Jan 13
https://www.alibaba.com/product-detail/Go-Party-Hot-Pearl-rhinestone-bridal_1600284402848.html,$1.40,piece for 200 pieces,Shipping included,Delivery by Jan 9
https://www.alibaba.com/product-detail/Shoes-Tape-1-3-Days-Nylon_1601112472034.html,$0.12,meter for 60000 meters,Shipping included,Delivery by Jan 13
https://www.alibaba.com/product-detail/Custom-cerw-Thickened-men-leather-socks_1600712076367.html,$0.94,pair for 50 pairs,Shipping included,Delivery by Jan 13
https://www.alibaba.com/product-detail/Abaya-Muslim-Dresses-Women-Popular-Caftan_1601237727695.html,$4.51,piece for 999 pieces,Shipping included,Delivery by Jan 13
https://www.alibaba.com/product-detail/new-Man-pu-Leather-Anti-Theft_1601231129994.html,$7.28,piece for 50 pieces,Shipping included,Delivery by Jan 9
https://www.alibaba.com/product-detail/Custom-Polyester-cord-round-hoodie-drawcord_1601162867404.html,$0.05,meter for 1000 meters,Shipping included,Delivery by Jan 13
https://www.alibaba.com/product-detail/2025-Trinidad-Carnival-Accessories-Assorted-Flatback_1601242042653.html,$4.94,piece for 10 pieces,Shipping included,Delivery by Jan 14
https://www.alibaba.com/product-detail/FF3217-Cute-2-in-1-Winter_1601271061690.html,$2.25,set for 200 sets,Shipping included,Delivery by Jan 13
https://www.alibaba.com/product-detail/CLT6848-Seamless-One-Piece-woman-yoga_1600997979681.html,$7.79,piece for 50 pieces,Shipping included,Delivery by Jan 10
https://www.alibaba.com/product-detail/Made-to-Measure-Tailor-Handmade-Luxury_1600538666397.html,$23.40,piece for 20 pieces,Shipping included,Delivery by Jan 13
https://www.alibaba.com/product-detail/2024-ripped-jeans-summer-Japanese-sports_1600517516120.html,$10.00,piece for 20 pieces,Shipping included,Delivery by Jan 10
https://www.alibaba.com/product-detail/American-cool-motorcycle-riding-vest-leather_1600529185825.html,$24.84,piece for 2 pieces,Shipping included,Delivery by Jan 10
https://www.alibaba.com/product-detail/Wholesale-Men-s-Slim-Fit-Elegant_1600591597926.html,$41.40,piece for 20 pieces,Shipping included,Delivery by Jan 13
https://www.alibaba.com/product-detail/Full-Covered-Hijab-Burkini-Muslim-Swimsuit_1601056386551.html,$7.50,set for 10 sets,Shipping included,Delivery by Jan 10
https://www.alibaba.com/product-detail/Fast-Delivery-Design-Custom-Sublimation-rugby_10000019613190.html,$5.66,piece for 500 pieces,Shipping included,Delivery by Jan 8
https://www.alibaba.com/product-detail/Green-Cheerleading-Uniforms-for-Girls-Kids_1601132515313.html,$65.00,piece for 100 pieces,Shipping included,Delivery by Jan 15
https://www.alibaba.com/product-detail/3831-PInk-Swiss-Dry-Voile-Cotton_1601123800039.html,$4.05,yard for 75 yards,Shipping included,Delivery by Jan 15
https://www.alibaba.com/product-detail/Hot-Sell-Custom-Retro-Basketball-Jersey_1601243340674.html,$5.85,piece for 500 pieces,Shipping included,Delivery by Jan 13
https://www.alibaba.com/product-detail/Mens-Body-Shaper-Slimming-Vest-Compression_62406005591.html,$4.00,piece for 50 pieces,Shipping included,Delivery by Jan 9
https://www.alibaba.com/product-detail/S-4XL-Large-Size-Elsa-Blue_1601046123748.html,$11.95,piece for 100 pieces,Shipping included,Delivery by Jan 14
https://www.alibaba.com/product-detail/OCO-Zip-30-colors-fast-Delivery_1600817283635.html,$0.07,piece for 8000 pieces,Shipping included,Delivery by Jan 13
https://www.alibaba.com/product-detail/Jingwen-Wholesale-Cartoon-Anime-Sweet-Cotton_1601229988001.html,$0.57,pair for 500 pairs,Shipping included,Delivery by Jan 13
https://www.alibaba.com/product-detail/socks-2023-socks-women-solid-girls_1600808228674.html,$10.90,pack for 100 packs,Shipping included,Delivery by Jan 10
https://www.alibaba.com/product-detail/get-back-mixed-color-resin-rhinestone_1601034074442.html,$6.48,piece for 20 pieces,Shipping included,Delivery by Jan 9
https://www.alibaba.com/product-detail/2024-Visiting-ground-New-Italy-Soccer_1601192108057.html,$9.38,piece for 100 pieces,Shipping included,Delivery by Jan 10
https://www.alibaba.com/product-detail/2324-Player-Version-Soccer-Club-Sports_1601029387484.html,$8.49,piece for 10 pieces,Shipping included,Delivery by Jan 9
https://www.alibaba.com/product-detail/6-Panel-Mesh-Trucker-Hat-with_1601019257777.html,$2.56,piece for 200 pieces,Shipping included,Delivery by Jan 15
https://www.alibaba.com/product-detail/High-quality-embroidery-paper-backing-1050HA_1601060699052.html,$25.00,meter for 100 meters,Shipping included,Delivery by Jan 13
https://www.alibaba.com/product-detail/Stock-Wholesale-Back-to-Back-Hook_62393640609.html,$0.03,piece for 10000 pieces,Shipping included,Delivery by Jan 9
https://www.alibaba.com/product-detail/Custom-Woven-Gold-Glitter-Chenille-Patches_1600243258739.html,$0.50,piece for 50 pieces,Shipping included,Delivery by Jan 10
https://www.alibaba.com/product-detail/Shoes-Tape-1-3-Days-Nylon_1601112472034.html,$0.12,meter for 60000 meters,Shipping included,Delivery by Jan 13
https://www.alibaba.com/product-detail/Hight-Quality-Wholesale-Customized-Logo-Polyester_1601010258031.html,$5.88,piece for 100 pieces,Shipping included,Delivery by Jan 10
https://www.alibaba.com/product-detail/Football-suit-set-men-s-customized_1601270319749.html,$11.78,set for 50 sets,Shipping included,Delivery by Jan 10
https://www.alibaba.com/product-detail/Adjustable-Elastic-Leather-Shirttail-Bracket-Holder_1600484433142.html,$1.64,pair for 200 pairs,Shipping included,Delivery by Jan 9
https://www.alibaba.com/product-detail/Winter-Warm-Style-Polyester-Tights-Ribbed_1601227177113.html,$3.35,piece for 20 pieces,Shipping included,Delivery by Jan 9
https://www.alibaba.com/product-detail/Red-Lip-Shape-Tongue-Sequin-Embroidery_1601089196398.html,$0.77,piece for 25 pieces,Shipping included,Delivery by Jan 10
https://www.alibaba.com/product-detail/High-quality-DST-sorority-embroidery-iron_1601132613988.html,$0.68,piece for 50 pieces,Shipping included,Delivery by Jan 9
https://www.alibaba.com/product-detail/Latest-Design-Tech-Fleece-Tracksuits-American_1601294794539.html,$9.99,piece for 200 pieces,Shipping included,Delivery by Jan 14
https://www.alibaba.com/product-detail/260-Grams-Summer-Heavyweight-Cotton-Color_1601160615134.html,$4.49,piece for 200 pieces,Shipping included,Delivery by Jan 10
https://www.alibaba.com/product-detail/Wholesale-Top-grain-cowhide-leather-belts_1600188834380.html,$5.70,piece for 13 pieces,Shipping included,Delivery by Jan 9
https://www.alibaba.com/product-detail/Mens-Button-Down-Plain-Shirts-Different_1601278692187.html,$3.60,piece for 10 pieces,Shipping included,Delivery by Jan 9
https://www.alibaba.com/product-detail/Wholesale-Custom-Vintage-Dad-Hat-Applique_1600399703227.html,$2.95,piece for 25 pieces,Shipping included,Delivery by Jan 13
https://www.alibaba.com/product-detail/full-0-68-Print-Patchwork-cropped_1601192286478.html,$8.82,piece for 50 pieces,Shipping included,Delivery by Jan 13
https://www.alibaba.com/product-detail/2021-New-Fashion-Casual-Women-Girls_1600222207945.html,$2.30,piece for 30 pieces,Shipping included,Delivery by Jan 10
https://www.alibaba.com/product-detail/Custom-Logo-Solid-Color-Yoga-Short_1601055966409.html,$11.50,piece for 1 piece,Shipping included,Delivery by Jan 9
https://www.alibaba.com/product-detail/JX-Custom-Logo-Hip-Hop-5_1600952327435.html,$1.72,piece for 50 pieces,Shipping included,Delivery by Jan 10
https://www.alibaba.com/product-detail/Luxury-Brand-Puffer-Jackets-Winter-Outdoor_1601271668781.html,$46.80,piece for 30 pieces,Shipping included,Delivery by Jan 15
https://www.alibaba.com/product-detail/EVELYN-OEM-ODM-Bicycle-Clothing-Long_1601203477804.html,$11.37,piece for 100 pieces,Shipping included,Delivery by Jan 9
https://www.alibaba.com/product-detail/High-Quality-Promotion-Fashion-Solid-Color_62170207680.html,$3.00,piece for 20 pieces,Shipping included,Delivery by Jan 10
https://www.alibaba.com/product-detail/Custom-Men-s-Long-Sleeve-Sportswear_1601040897250.html,$3.50,piece for 100 pieces,Shipping included,Delivery by Jan 13
https://www.alibaba.com/product-detail/Men-s-slim-feet-high-waist_1600980511405.html,$7.75,piece for 50 pieces,Shipping included,Delivery by Jan 13
https://www.alibaba.com/product-detail/Customize-Logo-2024-New-Women-Sports_1601123234391.html,$14.00,piece for 50 pieces,Shipping included,Delivery by Jan 9
https://www.alibaba.com/product-detail/Man-Embroidered-T-shirts-High-Quality_1600860238113.html,$5.90,piece for 10000 pieces,Shipping included,Delivery by Jan 10
https://www.alibaba.com/product-detail/wholesale-new-round-neck-Cotton-sweater_1600511049995.html,$14.40,piece for 20 pieces,Shipping included,Delivery by Jan 13
https://www.alibaba.com/product-detail/Shinehats-2024-OEM-Soft-Comfortable-Exquisite_1601076393173.html,$2.40,piece for 100 pieces,Shipping included,Delivery by Jan 15
https://www.alibaba.com/product-detail/2324-Player-Version-Soccer-Club-Sports_1601029387484.html,$8.49,piece for 10 pieces,Shipping included,Delivery by Jan 10
https://www.alibaba.com/product-detail/Fashion-design-engraved-brand-name-custom_62136650763.html,$0.55,piece for 500 pieces,Shipping included,Delivery by Jan 9
https://www.alibaba.com/product-detail/Winter-Korean-Style-Slim-fit-Light_1601210096041.html,$12.00,piece for 50 pieces,Shipping included,Delivery by Jan 15
https://www.alibaba.com/product-detail/Wholesale-Fashion-12pcs-Bag-U-Shaped_1601096193063.html,$0.80,bag for 201 bags,Shipping included,Delivery by Jan 9
https://www.alibaba.com/product-detail/Red-Lip-Shape-Tongue-Sequin-Embroidery_1601089196398.html,$0.77,piece for 25 pieces,Shipping included,Delivery by Jan 10
https://www.alibaba.com/product-detail/2023-2024-New-Real-Football-Soccer_1601287166449.html,$12.00,pair for 10 pairs,Shipping included,Delivery by Jan 10
https://www.alibaba.com/product-detail/Philadelphia-eagles-rhinestone-heat-transfer-custom_1601226703104.html,$2.30,piece for 50 pieces,Shipping included,Delivery by Jan 13
https://www.alibaba.com/product-detail/40mm-size-high-quality-western-style_1601083097883.html,$0.58,piece for 50 pieces,Shipping included,Delivery by Feb 12
https://www.alibaba.com/product-detail/Dongzhou-Oval-glass-rhinestones-14-10mm_1601260514035.html,$0.37,piece for 48 pieces,Shipping included,Delivery by Jan 9
https://www.alibaba.com/product-detail/White-Flatback-Non-Hotfix-Rhinestones-for_1600237547092.html,$2.68,bag for 1 bag,Shipping included,Delivery by Jan 10
https://www.alibaba.com/product-detail/White-suit-vest-suit-female-summer_1601099242952.html,$21.10,set for 10 sets,Shipping included,Delivery by Jan 10
https://www.alibaba.com/product-detail/High-quality-embroidery-paper-backing-1050HA_1601060699052.html,$25.00,meter for 100 meters,Shipping included,Delivery by Jan 13
https://www.alibaba.com/product-detail/Adjustable-Elastic-Leather-Shirttail-Bracket-Holder_1600484433142.html,$1.64,pair for 200 pairs,Shipping included,Delivery by Jan 9
https://www.alibaba.com/product-detail/New-Custom-Jacket-color-Drawstring-Elastic_62217439901.html,$0.09,piece for 900 pieces,Shipping included,Delivery by Jan 13
https://www.alibaba.com/product-detail/Football-suit-set-men-s-customized_1601270319749.html,$11.78,set for 50 sets,Shipping included,Delivery by Jan 10
https://www.alibaba.com/product-detail/Cute-Sock-Girl-s-Thick-12Pairs_62506776484.html,$1.30,pair for 120 pairs,Shipping included,Delivery by Jan 10
https://www.alibaba.com/product-detail/Custom-Logo-2-in-1-Cheerleaders_1601171771856.html,$4.80,piece for 50 pieces,Shipping included,Delivery by Jan 13
https://www.alibaba.com/product-detail/2024-OEM-Shinehats-Quality-Vintage-Lady_1601114843179.html,$12.40,unit for 10 units,Shipping included,Delivery by Jan 15
https://www.alibaba.com/product-detail/Custom-Woven-Gold-Glitter-Chenille-Patches_1600243258739.html,$0.50,piece for 50 pieces,Shipping included,Delivery by Jan 9
https://www.alibaba.com/product-detail/Y2K-Women-High-Waist-Denim-Jeans_11000019677108.html,$11.58,piece for 15 pieces,Shipping included,Delivery by Jan 10
https://www.alibaba.com/product-detail/Kanoshi-guangzhou-OEM-ODM-custom-clothing_1601074706624.html,$15.00,piece for 500 pieces,Shipping included,Delivery by Jan 15
https://www.alibaba.com/product-detail/2024-Top-Grade-Thailand-Quality-Japan_1601241806032.html,$7.00,piece for 100 pieces,Shipping included,Delivery by Jan 13
https://www.alibaba.com/product-detail/119-123-Colorful-Glass-Rhinestone-Trimming_1601098005361.html,$4.05,yard for 2 yards,Shipping included,Delivery by Jan 9
https://www.alibaba.com/product-detail/Custom-training-wear-2-pieces-Jogging_1600514900591.html,$18.90,set for 20 sets,Shipping included,Delivery by Jan 10
https://www.alibaba.com/product-detail/CY-Emerald-In-Stock-Crystal-Size_1600536331621.html,$1.35,box for 2 boxes,Shipping included,Delivery by Jan 10
https://www.alibaba.com/product-detail/MC-1605-Dubai-High-Quality-Islam_1600473039640.html,$9.90,piece for 24 pieces,Shipping included,Delivery by Jan 13
https://www.alibaba.com/product-detail/3459-Gold-African-Wedding-Lace-Fabric_1600908456427.html,$8.10,yard for 75 yards,Shipping included,Delivery by Jan 13
https://www.alibaba.com/product-detail/New-4-Piece-Long-Sleeve-Top_1600932552048.html,$19.50,piece for 3 pieces,Shipping included,Delivery by Jan 10
https://www.alibaba.com/product-detail/RM-453-Fashion-Women-Good-Quality_1600764382170.html,$52.00,piece for 50 pieces,Shipping included,Delivery by Jan 13
https://www.alibaba.com/product-detail/Custom-Comfortable-Short-Sleeve-Casual-Digital_1600964273486.html,$7.00,piece for 10 pieces,Shipping included,Delivery by Jan 13
https://www.alibaba.com/product-detail/Wholesale-White-Cotton-Edge-Webbing-Twill_1600622753172.html,$0.11,yard for 500 yards,Shipping included,Delivery by Jan 10
https://www.alibaba.com/product-detail/Luxury-Custom-Logo-Clothing-Tags-Green_1601241681138.html,$0.04,piece for 1000 pieces,Shipping included,Delivery by Jan 15
https://www.alibaba.com/product-detail/White-sequin-beaded-lace-fabric-for_1601252211970.html,$14.80,yard for 15 yards,Shipping included,Delivery by Jan 15
https://www.alibaba.com/product-detail/Custom-Logo-Washed-Soft-Top-Vintage_1600936882055.html,$1.20,piece for 200 pieces,Shipping included,Delivery by Jan 9
https://www.alibaba.com/product-detail/Men-s-new-design-hot-sale_1601252219202.html,$3.00,piece for 999 pieces,Shipping included,Delivery by Jan 8
https://www.alibaba.com/product-detail/2-in-1-Cheerleading-Butterfly-Flowy_1600887736185.html,$5.30,piece for 50 pieces,Shipping included,Delivery by Jan 9
https://www.alibaba.com/product-detail/3466-Golden-Color-French-Gold-Organza_1600912356243.html,$8.07,yard for 25 yards,Shipping included,Delivery by Jan 14
https://www.alibaba.com/product-detail/Hot-Fashion-Casual-Embroidery-Ear-Caps_1601260532752.html,$4.14,piece for 100 pieces,Shipping included,Delivery by Jan 13
https://www.alibaba.com/product-detail/tackle-twill-cut-and-stitch-sewn_1600673089954.html,$18.80,piece for 31 pieces,Shipping included,Delivery by Jan 15
https://www.alibaba.com/product-detail/Damask-Your-Own-Brand-woven-label_1600803107978.html,$0.08,piece for 1000 pieces,Shipping included,Delivery by Jan 10
https://www.alibaba.com/product-detail/Wholesale-hight-quality-Roll-Pvc-Airtight_1600304380653.html,$0.30,piece for 1000 pieces,Shipping included,Delivery by Jan 13
https://www.alibaba.com/product-detail/Hot-Sell-Customized-Adult-Fashion-Printing_1601202220467.html,$1.30,piece for 500 pieces,Shipping included,Delivery by Jan 9
https://www.alibaba.com/product-detail/70D-2-75D-2-L-White_1601122493276.html,$20.00,box for 1 box,Shipping included,Delivery by Jan 14
https://www.alibaba.com/product-detail/Nolvo-World-Custom-Metal-Replacement-Cat_10000017401351.html,$0.49,piece for 100 pieces,Shipping included,Delivery by Jan 13
https://www.alibaba.com/product-detail/Wholesale-Custom-Logo-High-Quality-Winter_1601231413697.html,$0.48,pair for 300 pairs,Shipping included,Delivery by Jan 13
https://www.alibaba.com/product-detail/High-Quality-Men-s-Designer-Vintage_1601259113552.html,$33.99,piece for 50 pieces,Shipping included,Delivery by Jan 13
https://www.alibaba.com/product-detail/Wholesale-Top-grain-cowhide-leather-belts_1600188834380.html,$5.70,piece for 13 pieces,Shipping included,Delivery by Jan 9
https://www.alibaba.com/product-detail/Wholesale-women-s-sports-bra-no_1601245699519.html,$1.06,piece for 150 pieces,Shipping included,Delivery by Jan 14
https://www.alibaba.com/product-detail/Quick-Dry-Sunshade-Solid-Color-Customized_1601061047807.html,$3.50,piece for 500 pieces,Shipping included,Delivery by Jan 13
https://www.alibaba.com/product-detail/Wholesale-Low-price-100-Polyester-white_1600789585668.html,$5.50,piece for 40 pieces,Shipping included,Delivery by Jan 13
https://www.alibaba.com/product-detail/Alloy-Magnetic-Metal-Buckle-Free-Custom_1600999623670.html,$5.20,piece for 2 pieces,Shipping included,Delivery by Jan 10
https://www.alibaba.com/product-detail/Hot-Sell-Customized-Adult-Fashion-Printing_1601202220467.html,$1.30,piece for 500 pieces,Shipping included,Delivery by Jan 9
https://www.alibaba.com/product-detail/Wholesale-New-Fashion-Women-Lady-Knitwear_1600357717706.html,$3.45,piece for 20 pieces,Shipping included,Delivery by Jan 9
https://www.alibaba.com/product-detail/Wholesale-High-Quality-Mixed-Color-European_1601165196910.html,$2.25,piece for 100 pieces,Shipping included,Delivery by Jan 13
https://www.alibaba.com/product-detail/fashion-rhinestone-cord-strings-120-cm_1600700962067.html,$1.20,piece for 10 pieces,Shipping included,Delivery by Jan 13
https://www.alibaba.com/product-detail/Dynamics-New-Design-Summer-Women-s_1600704239585.html,$4.99,piece for 2 pieces,Shipping included,Delivery by Jan 15
https://www.alibaba.com/product-detail/Factory-custom-Straight-jeans-Straight-leg_1601250839549.html,$4.76,piece for 50 pieces,Shipping included,Delivery by Jan 9
https://www.alibaba.com/product-detail/Richardson-112-Trucker-Hats-Cap-Wholesale_11000010144795.html,$2.80,piece for 100 pieces,Shipping included,Delivery by Jan 10
https://www.alibaba.com/product-detail/QC23050-New-Arrival-High-Quality-Cashmere_1600975643955.html,$90.00,piece for 5 pieces,Shipping included,Delivery by Jan 10
https://www.alibaba.com/product-detail/The-new-double-c-ladies-belt_1601167197326.html,$1.90,piece for 200 pieces,Shipping included,Delivery by Jan 13
https://www.alibaba.com/product-detail/OEM-custom-logo-embroidery-printed-design_10000022153386.html,$3.50,set for 2 sets,Shipping included,Delivery by Jan 13
https://www.alibaba.com/product-detail/Dark-Green-100-Cotton-380gsm-Fleece_1600361610737.html,$13.99,piece for 300 pieces,Shipping included,Delivery by Jan 15
https://www.alibaba.com/product-detail/No-Minimum-100-Silk-Scarf-Shengzhou_1601288404465.html,$0.80,piece for 100 pieces,Shipping included,Delivery by Jan 9
https://www.alibaba.com/product-detail/2024-New-Arrival-Wholesale-Soft-Skin_1601063766867.html,$1.71,pair for 200 pairs,Shipping included,Delivery by Jan 9
https://www.alibaba.com/product-detail/Dropshipping-Heated-Merino-Wool-Seamless-Men_1601270367680.html,$11.00,piece for 100 pieces,Shipping included,Delivery by Jan 10
https://www.alibaba.com/product-detail/High-quality-jeans-shorts-Men-s_1601119696881.html,$1.68,piece for 1000 pieces,Shipping included,Delivery by Jan 13
https://www.alibaba.com/product-detail/Oem-Wholesale-Custom-Printing-Logo-High_1601059240024.html,$15.49,set for 100 sets,Shipping included,Delivery by Jan 13
https://www.alibaba.com/product-detail/Women-s-fashion-gold-leaf-with_1600762726316.html,$1.80,piece for 50 pieces,Shipping included,Delivery by Jan 9
https://www.alibaba.com/product-detail/Handsome-Rhinestones-Men-s-Wedding-Casual_1601265339180.html,$42.80,set for 80 sets,Shipping included,Delivery by Jan 10
https://www.alibaba.com/product-detail/woman-winter-ladies-cardigan-wool-custom_1601225449099.html,$9.90,piece for 3000 pieces,Shipping included,Delivery by Jan 13
https://www.alibaba.com/product-detail/240GSM-Heavyweight-Tee-Custom-Logo-T_1601235003436.html,$8.38,piece for 30 pieces,Shipping included,Delivery by Jan 9
https://www.alibaba.com/product-detail/New-Winter-Lambskin-Cashmere-Pants-Female_1600955590916.html,$5.10,piece for 1 piece,Shipping included,Delivery by Jan 10
https://www.alibaba.com/product-detail/Damask-Your-Own-Brand-woven-label_1600803107978.html,$0.08,piece for 1000 pieces,Shipping included,Delivery by Jan 10
https://www.alibaba.com/product-detail/High-Quality-Wholesale-Mens-Cashmere-Knit_1600977324651.html,$7.90,piece for 1000 pieces,Shipping included,Delivery by Jan 13
https://www.alibaba.com/product-detail/2022-Hot-sale-outdoor-hiking-cotton_1600676302546.html,$12.00,piece for 50 pieces,Shipping included,Delivery by Jan 9
https://www.alibaba.com/product-detail/Womens-Sports-Socks-Custom-Packaging-Brand_1600382651651.html,$1.00,pair for 200 pairs,Shipping included,Delivery by Jan 13
https://www.alibaba.com/product-detail/DK-93-Button-Machine-Button-Eyelets_1601114453558.html,$13.00,piece for 2 pieces,Shipping included,Delivery by Jan 10
https://www.alibaba.com/product-detail/Customized-Plating-Silver-Size-5-Metal_1601174024707.html,$0.20,piece for 1000 pieces,Shipping included,Delivery by Jan 13
https://www.alibaba.com/product-detail/2024-Latest-Style-Casual-Denim-Jacketd_11000019603891.html,$15.88,piece for 10 pieces,Shipping included,Delivery by Jan 13
https://www.alibaba.com/product-detail/Wholesale-Low-price-100-Polyester-white_1600789585668.html,$5.50,piece for 40 pieces,Shipping included,Delivery by Jan 7
https://www.alibaba.com/product-detail/Hot-selling-black-and-red-yellow_1600301998703.html,$3.60,piece for 50 pieces,Shipping included,Delivery by Jan 13
https://www.alibaba.com/product-detail/Stock-Wholesale-Back-to-Back-Hook_62393640609.html,$0.03,piece for 10000 pieces,Shipping included,Delivery by Jan 9
https://www.alibaba.com/product-detail/Wholesale-and-Custom-0-16-Year_1600549043260.html,$3.99,pair for 30 pairs,Shipping included,Delivery by Jan 13
https://www.alibaba.com/product-detail/Girls-Seamless-Yoga-Wear-Yoga-Outfit_1601057612188.html,$6.40,set for 5 sets,Shipping included,Delivery by Jan 13
https://www.alibaba.com/product-detail/Merry-Christmas-Snowman-T-Shirt-Custom_1601247476938.html,$2.38,piece for 100 pieces,Shipping included,Delivery by Jan 9
https://www.alibaba.com/product-detail/2023-New-Bulk-Quick-Dry-Mesh_1600797739667.html,$8.50,piece for 100 pieces,Shipping included,Delivery by Jan 13
https://www.alibaba.com/product-detail/Custom-Logo-Blank-Dad-hat-Ripped_1600543618009.html,$4.90,piece for 200 pieces,Shipping included,Delivery by Jan 13
https://www.alibaba.com/product-detail/Mens-Quick-dry-recycled-polyester-board_1600984897122.html,$8.00,piece for 500 pieces,Shipping included,Delivery by Jan 13
https://www.alibaba.com/product-detail/High-Quality-Animal-Printing-Tie-100_1600225512233.html,$5.89,piece for 50 pieces,Shipping included,Delivery by Jan 9
https://www.alibaba.com/product-detail/Syh26-Wide-Brimmed-High-Stretch-Hat_1601113620298.html,$0.41,piece for 500 pieces,Shipping included,Delivery by Jan 15
https://www.alibaba.com/product-detail/Custom-sublimated-3d-Embroidery-Logo-fisherman_1600696179320.html,$2.98,piece for 200 pieces,Shipping included,Delivery by Jan 13
https://www.alibaba.com/product-detail/Thick-Winter-Legging-Long-Terry-Transparent_1600691700991.html,$3.41,piece for 10 pieces,Shipping included,Delivery by Jan 15
https://www.alibaba.com/product-detail/2024-Shinehas-OEM-High-Quality-Western_1601100450487.html,$10.00,piece for 100 pieces,Shipping included,Delivery by Jan 15
https://www.alibaba.com/product-detail/Wholesale-Quick-Dry-2024-Custom-logo_1600667771651.html,$6.75,piece for 20 pieces,Shipping included,Delivery by Jan 13
https://www.alibaba.com/product-detail/Factory-direct-shirt-work-clothes-outdoor_1601223606518.html,$12.54,set for 2000 sets,Shipping included,Delivery by Jan 15
https://www.alibaba.com/product-detail/Breathable-Vintage-Soccer-Training-Suits-Quick_1601235002021.html,$4.99,piece for 100 pieces,Shipping included,Delivery by Jan 9
https://www.alibaba.com/product-detail/Men-s-Personalized-Customizable-100-Polyester_1601134972969.html,$7.00,set for 10 sets,Shipping included,Delivery by Jan 10
https://www.alibaba.com/product-detail/Wholesale-Custom-Logo-Men-s-Denim_1600521453704.html,$12.60,piece for 20 pieces,Shipping included,Delivery by Jan 13
https://www.alibaba.com/product-detail/Workout-wear-long-sleeve-shirt-flared_1601184121517.html,$19.50,set for 50 sets,Shipping included,Delivery by Jan 14
https://www.alibaba.com/product-detail/custom-sport-active-athletic-clothing-fitted_1600617811034.html,$2.90,piece for 100 pieces,Shipping included,Delivery by Jan 13
https://www.alibaba.com/product-detail/Summer-Sports-Fitness-Shorts-Women-s_1601232178789.html,$7.99,piece for 100 pieces,Shipping included,Delivery by Jan 10
https://www.alibaba.com/product-detail/5-Panel-Caps-Durable-Outdoor-Apparel_1600617778745.html,$6.00,piece for 200 pieces,Shipping included,Delivery by Jan 15
https://www.alibaba.com/product-detail/2024-New-Summer-Gray-Thin-Cotton_1601155222809.html,$0.74,pair for 100 pairs,Shipping included,Delivery by Jan 10
https://www.alibaba.com/product-detail/2024-Wholesale-Women-s-Activewear-High_1601286889113.html,$9.60,piece for 2 pieces,Shipping included,Delivery by Jan 10
https://www.alibaba.com/product-detail/2024-Sweatshirt-Women-Fashion-Round-Neck_1601253152566.html,$16.80,piece for 50 pieces,Shipping included,Delivery by Jan 13
https://www.alibaba.com/product-detail/1-38-Dollar-Model-ZLF013-Singlet_1601120878313.html,$1.58,piece for 144 pieces,Shipping included,Delivery by Jan 9
https://www.alibaba.com/product-detail/Newborn-Winter-Warm-Fashion-Color-Block_1601246680384.html,$19.90,piece for 500 pieces,Shipping included,Delivery by Jan 9
https://www.alibaba.com/product-detail/Fashion-design-engraved-brand-name-custom_62136650763.html,$0.55,piece for 500 pieces,Shipping included,Delivery by Jan 9
https://www.alibaba.com/product-detail/40mm-size-high-quality-western-style_1601083097883.html,$0.58,piece for 50 pieces,Shipping included,Delivery by Feb 12
https://www.alibaba.com/product-detail/Winter-Warm-Style-Polyester-Tights-Ribbed_1601227177113.html,$3.35,piece for 20 pieces,Shipping included,Delivery by Jan 9
https://www.alibaba.com/product-detail/Red-Lip-Shape-Tongue-Sequin-Embroidery_1601089196398.html,$0.77,piece for 25 pieces,Shipping included,Delivery by Jan 10
https://www.alibaba.com/product-detail/Customized-Plating-Silver-Size-5-Metal_1601174024707.html,$0.20,piece for 1000 pieces,Shipping included,Delivery by Jan 13
https://www.alibaba.com/product-detail/2024-New-Fashion-Style-Breathable-Comfortable_1601208726894.html,$4.60,piece for 500 pieces,Shipping included,Delivery by Jan 9
https://www.alibaba.com/product-detail/Wholesale-and-Custom-0-16-Year_1600549043260.html,$3.99,pair for 30 pairs,Shipping included,Delivery by Jan 13
https://www.alibaba.com/product-detail/DK-93-Button-Machine-Button-Eyelets_1601114453558.html,$13.00,piece for 2 pieces,Shipping included,Delivery by Jan 10
https://www.alibaba.com/product-detail/BAMBOO-Seamless-Breathable-Warm-Winter-Premium_1601249759889.html,$4.75,piece for 200 pieces,Shipping included,Delivery by Jan 10
https://www.alibaba.com/product-detail/Winter-Fleece-Lined-Thickened-Leggings-with_1601237253483.html,$4.77,piece for 100 pieces,Shipping included,Delivery by Jan 13
https://www.alibaba.com/product-detail/wholesale-custom-zippers-nylon-zipper-Airtight_1600590961707.html,$24.00,roll for 10 rolls,Shipping included,Delivery by Jan 13
https://www.alibaba.com/product-detail/High-Quality-Custom-5-Panel-Rubber_1601046142458.html,$3.69,piece for 300 pieces,Shipping included,Delivery by Jan 13
https://www.alibaba.com/product-detail/tr075-bling-bling-crystal-diamond-cord_1600183063504.html,$1.89,piece for 5 pieces,Shipping included,Delivery by Jan 9
https://www.alibaba.com/product-detail/Cold-Resistance-Mens-Jacket-Heavy-Clothing_1601072821485.html,$19.40,piece for 50 pieces,Shipping included,Delivery by Jan 13
https://www.alibaba.com/product-detail/Wholesale-Men-S-Pants-Workwear-Zip_1601123120008.html,$13.27,piece for 100 pieces,Shipping included,Delivery by Jan 9
https://www.alibaba.com/product-detail/High-Quality-Wholesale-100-Cotton-Tshirts_1600792858220.html,$2.90,piece for 100 pieces,Shipping included,Delivery by Jan 13
https://www.alibaba.com/product-detail/Wholesale-abs-pearl-beads-3mm-12mm_1601210743708.html,$1.00,bag for 10 bags,Shipping included,Delivery by Jan 9
https://www.alibaba.com/product-detail/Wholesale-custom-golf-polo-shirts-Short_1601052870568.html,$3.39,piece for 50 pieces,Shipping included,Delivery by Jan 9
https://www.alibaba.com/product-detail/2024-Visiting-ground-New-Italy-Soccer_1601192108057.html,$9.38,piece for 100 pieces,Shipping included,Delivery by Jan 10
https://www.alibaba.com/product-detail/Winter-Wear-Cozy-Classic-Designer-Plaid_11000020074250.html,$6.88,piece for 30 pieces,Shipping included,Delivery by Jan 10
https://www.alibaba.com/product-detail/Latest-high-quality-beaded-with-flowers_1601039948127.html,$2.10,piece for 100 pieces,Shipping included,Delivery by Jan 9
https://www.alibaba.com/product-detail/Factory-Price-Thermal-Underwear-Solid-Color_1601270371651.html,$5.51,piece for 20 pieces,Shipping included,Delivery by Jan 13
https://www.alibaba.com/product-detail/Sports-jacket-women-s-long-sleeved_1600276083245.html,$17.00,piece for 50 pieces,Shipping included,Delivery by Jan 9
https://www.alibaba.com/product-detail/Women-s-Refined-Elegance-Velvet-Knit_1601236630753.html,$5.00,piece for 50 pieces,Shipping included,Delivery by Jan 13
https://www.alibaba.com/product-detail/Custom-print-neck-logo-Heavyweight-organic_1600957396513.html,$4.30,piece for 50 pieces,Shipping included,Delivery by Jan 14
https://www.alibaba.com/product-detail/Africa-Mali-Tactical-Level-3D-PVC_1601093762841.html,$0.90,piece for 100 pieces,Shipping included,Delivery by Jan 13
https://www.alibaba.com/product-detail/Summer-outdoor-men-s-Custom-logo_1600488537483.html,$2.98,piece for 100 pieces,Shipping included,Delivery by Jan 9
https://www.alibaba.com/product-detail/Women-Casual-Dress-Plaid-Print-Oversized_1601172625951.html,$9.28,piece for 20 pieces,Shipping included,Delivery by Jan 10
https://www.alibaba.com/product-detail/workwear-work-clothes-overall-coverall-for_1600284143912.html,$6.89,piece for 1 piece,Shipping included,Delivery by Jan 9
https://www.alibaba.com/product-detail/6-Panel-Mesh-Trucker-Hat-with_1601019257777.html,$2.56,piece for 200 pieces,Shipping included,Delivery by Jan 15
https://www.alibaba.com/product-detail/Wildmx-MTB-Dirt-Bike-Jersey-Motocross_1600630568702.html,$7.50,piece for 100 pieces,Shipping included,Delivery by Jan 9
https://www.alibaba.com/product-detail/Quick-Dry-Sunshade-Solid-Color-Customized_1601061047807.html,$3.50,piece for 500 pieces,Shipping included,Delivery by Jan 13
https://www.alibaba.com/product-detail/Custom-tags-embroidery-logo-longsleeve-legging_1600909442060.html,$13.90,set for 2 sets,Shipping included,Delivery by Jan 13
https://www.alibaba.com/product-detail/Outdoor-Vintage-Cap-Curved-Brim-Gorras_1601230291648.html,$3.29,piece for 500 pieces,Shipping included,Delivery by Jan 15
https://www.alibaba.com/product-detail/New-design-silk-texture-gradually-changes_1601079111217.html,$2.25,piece for 50 pieces,Shipping included,Delivery by Jan 9
https://www.alibaba.com/product-detail/Fitspi-Wholesale-Brim-Trucker-Hat-Men_1601258227724.html,$3.50,piece for 20 pieces,Shipping included,Delivery by Jan 9
https://www.alibaba.com/product-detail/Wholesale-hight-quality-Roll-Pvc-Airtight_1600304380653.html,$0.30,piece for 1000 pieces,Shipping included,Delivery by Jan 13
https://www.alibaba.com/product-detail/High-Quality-Men-s-Designer-Vintage_1601259113552.html,$33.99,piece for 50 pieces,Shipping included,Delivery by Jan 13
https://www.alibaba.com/product-detail/Customization-Football-Team-LOGO-Rhinestone-Heat_1600947035530.html,$2.38,piece for 50 pieces,Shipping included,Delivery by Jan 13
https://www.alibaba.com/product-detail/Professional-Custom-Sublimation-Soccer-Jersey-Men_1601246037050.html,$10.00,set for 100 sets,Shipping included,Delivery by Jan 9
https://www.alibaba.com/product-detail/2024-New-football-suit-adult-children_1600346128296.html,$6.45,set for 49 sets,Shipping included,Delivery by Jan 10
https://www.alibaba.com/product-detail/Men-s-Quick-Dry-Under-Base_1601045746965.html,$3.50,piece for 100 pieces,Shipping included,Delivery by Jan 13
https://www.alibaba.com/product-detail/BAIME-Women-Athletic-Tennis-Skirt-with_1601197755750.html,$15.50,set for 50 sets,Shipping included,Delivery by Jan 9
https://www.alibaba.com/product-detail/3D-Doll-Couple-Socks-Funny-Magnetic_1600883344992.html,$1.45,pair for 50 pairs,Shipping included,Delivery by Jan 10
https://www.alibaba.com/product-detail/Fashion-Design-Crop-Leather-Bomber-Jacket_62083560067.html,$99.00,piece for 20 pieces,Shipping included,Delivery by Jan 10
https://www.alibaba.com/product-detail/Sport-Pant-Casual-Slim-Fit-Quick_1601080795015.html,$11.99,piece for 50 pieces,Shipping included,Delivery by Jan 10
https://www.alibaba.com/product-detail/Factory-Wholesale-Bulk-Loose-Round-Hologram_1601125039393.html,$7.50,kilogram for 100 kilograms,Shipping included,Delivery by Jan 13
https://www.alibaba.com/product-detail/Round-Shape-Bulk-Rhinestone-Cup-Chian_1601218693167.html,$2.08,yard for 100 yards,Shipping included,Delivery by Jan 9
https://www.alibaba.com/product-detail/wholesale-heavy-weight-cotton-oversize-hoodies_1601230422359.html,$11.92,piece for 2 pieces,Shipping included,Delivery by Jan 13
https://www.alibaba.com/product-detail/Custom-New-Fishing-Clothing-Shirt-Sublimation_1601251477502.html,$9.80,piece for 100 pieces,Shipping included,Delivery by Jan 14
https://www.alibaba.com/product-detail/FF3254-Foldable-Windproof-Warm-Faux-Fur_1601274255081.html,$1.58,piece for 300 pieces,Shipping included,Delivery by Jan 13
https://www.alibaba.com/product-detail/Exquisite-Pocket-Design-Soccer-Referee-Jersey_1601214462696.html,$6.21,set for 100 sets,Shipping included,Delivery by Jan 13
https://www.alibaba.com/product-detail/New-Product-Ideas-2024-Custom-Tie_1601107916429.html,$2.50,piece for 10 pieces,Shipping included,Delivery by Jan 9
https://www.alibaba.com/product-detail/2024-new-half-zip-sweaters-long_1600950554570.html,$15.80,piece for 50 pieces,Shipping included,Delivery by Jan 13
https://www.alibaba.com/product-detail/New-arrival-school-uniform-girl-men_1601025327314.html,$0.69,piece for 3000 pieces,Shipping included,Delivery by Jan 10
https://www.alibaba.com/product-detail/Matching-Petticoat-for-Ball-GOWNS-Quinceanera_1601044744386.html,$29.90,piece for 20 pieces,Shipping included,Delivery by Jan 13
https://www.alibaba.com/product-detail/New-Volleyball-Suit-Set-Women-s_1601284678431.html,$14.00,set for 50 sets,Shipping included,Delivery by Jan 16
https://www.alibaba.com/product-detail/YIWU-gillian-factory-direct-halloween-cosplay_1601052885396.html,$15.00,set for 20 sets,Shipping included,Delivery by Jan 10
https://www.alibaba.com/product-detail/Wholesale-High-Quality-Stage-Suit-Dress_1600575844370.html,$39.60,piece for 50 pieces,Shipping included,Delivery by Jan 13
https://www.alibaba.com/product-detail/Summer-Chinese-cotton-Street-Wear-gym_1601211314417.html,$3.59,piece for 200 pieces,Shipping included,Delivery by Jan 10
https://www.alibaba.com/product-detail/3810-Cheap-Luxury-French-Mesh-Lace_1601115606412.html,$6.30,yard for 75 yards,Shipping included,Delivery by Jan 9
https://www.alibaba.com/product-detail/FF22-Ski-Bike-Windproof-Winter-Hats_1600354437323.html,$3.92,set for 30 sets,Shipping included,Delivery by Jan 15
https://www.alibaba.com/product-detail/Wholesale-High-Tenacity-Tex70-250d-3_1600134703259.html,$0.70,roll for 12 rolls,Shipping included,Delivery by Jan 10
https://www.alibaba.com/product-detail/Custom-Polyester-Cotton-Neckerchief-Scout-Scarf_1601245800306.html,$2.20,piece for 500 pieces,Shipping included,Delivery by Jan 15
https://www.alibaba.com/product-detail/Dongzhou-High-quality-K9-crystal-fancy_1600670946987.html,$0.15,piece for 48 pieces,Shipping included,Delivery by Jan 9
https://www.alibaba.com/product-detail/Original-Embroidered-Baseball-Jersey-Mexico-Red_10000019685566.html,$9.71,piece for 500 pieces,Shipping included,Delivery by Jan 15
https://www.alibaba.com/product-detail/OCO-Factory-wholesale-sewing-elastic-3cm_1600705158830.html,$3.75,roll for 500 rolls,Shipping included,Delivery by Jan 13
https://www.alibaba.com/product-detail/10-Pairs-Lot-Fashion-Men-s_1600221634191.html,$0.90,pair for 100 pairs,Shipping included,Delivery by Jan 13
https://www.alibaba.com/product-detail/Large-Aqua-AB-Clear-Resin-Stone_1601033895639.html,$5.20,piece for 20 pieces,Shipping included,Delivery by Jan 9
